epitope,canonical_pos,her2_aa,ERBB3_ENST00000267101,EGFR_ENST00000275493,ERBB4_ENST00000342788
P,257,H,H,K,N
P,258,F,F,F,F
P,259,N,N,R,N
P,260,H,D,D,D
P,261,S,S,E,S
P,262,G,G,A,G
P,263,I,A,T,A
P,264,C,C,C,C
P,265,E,V,K,V
P,266,L,P,D,T
P,267,H,R,T,Q
P,308,V,Q,H,S
P,309,G,T,G,S
P,310,S,S,S,S
P,311,C,C,C,C
P,312,T,V,V,V
P,313,L,R,R,R
P,314,V,A,A,A
P,315,C,C,C,C
P,316,P,P,G,P
P,317,L,P,A,S
P,318,H,D,D,S
T,580,E,G,G,G
T,581,A,S,P,P
T,582,D,D,D,D
T,593,P,G,G,G
T,594,P,P,P,P
T,595,F,H,H,N
T,610,Y,P,T,F
T,613,I,I,V,I
T,614,W,Y,W,F
T,615,K,K,K,K
T,616,F,Y,Y,Y
T,617,P,P,A,A
T,618,D,D,D,D
T,619,E,V,A,P
T,620,E,Q,G,D
T,621,G,N,H,R
T,622,A,E,V,E
T,623,C,C,C,C
T,624,Q,R,H,H
T,625,P,P,L,P
T,611,M,NA,L,NA
